	project	organism	file_source	project_home	project_type	n_samples
8678	ADIPOSE_TISSUE	human	gtex	data_sources/gtex	data_sources	1293
8679	MUSCLE	human	gtex	data_sources/gtex	data_sources	881
8680	BLOOD_VESSEL	human	gtex	data_sources/gtex	data_sources	1398
8681	HEART	human	gtex	data_sources/gtex	data_sources	942
8682	OVARY	human	gtex	data_sources/gtex	data_sources	195
8683	UTERUS	human	gtex	data_sources/gtex	data_sources	159
8684	VAGINA	human	gtex	data_sources/gtex	data_sources	173
8685	BREAST	human	gtex	data_sources/gtex	data_sources	482
8686	SKIN	human	gtex	data_sources/gtex	data_sources	1940
8687	SALIVARY_GLAND	human	gtex	data_sources/gtex	data_sources	178
8688	BRAIN	human	gtex	data_sources/gtex	data_sources	2931
8689	ADRENAL_GLAND	human	gtex	data_sources/gtex	data_sources	274
8690	THYROID	human	gtex	data_sources/gtex	data_sources	706
8691	LUNG	human	gtex	data_sources/gtex	data_sources	655
8692	SPLEEN	human	gtex	data_sources/gtex	data_sources	255
8693	PANCREAS	human	gtex	data_sources/gtex	data_sources	360
8694	ESOPHAGUS	human	gtex	data_sources/gtex	data_sources	1577
8695	STOMACH	human	gtex	data_sources/gtex	data_sources	384
8696	COLON	human	gtex	data_sources/gtex	data_sources	822
8697	SMALL_INTESTINE	human	gtex	data_sources/gtex	data_sources	193
8698	PROSTATE	human	gtex	data_sources/gtex	data_sources	263
8699	TESTIS	human	gtex	data_sources/gtex	data_sources	410
8700	NERVE	human	gtex	data_sources/gtex	data_sources	659
8701	PITUITARY	human	gtex	data_sources/gtex	data_sources	301
8702	BLOOD	human	gtex	data_sources/gtex	data_sources	1048
8703	LIVER	human	gtex	data_sources/gtex	data_sources	251
8704	KIDNEY	human	gtex	data_sources/gtex	data_sources	98
8705	CERVIX_UTERI	human	gtex	data_sources/gtex	data_sources	19
8706	FALLOPIAN_TUBE	human	gtex	data_sources/gtex	data_sources	9
8707	BLADDER	human	gtex	data_sources/gtex	data_sources	21
8708	STUDY_NA	human	gtex	data_sources/gtex	data_sources	133
8709	BONE_MARROW	human	gtex	data_sources/gtex	data_sources	204
8710	ACC	human	tcga	data_sources/tcga	data_sources	79
8711	BLCA	human	tcga	data_sources/tcga	data_sources	433
8712	BRCA	human	tcga	data_sources/tcga	data_sources	1256
8713	CESC	human	tcga	data_sources/tcga	data_sources	309
8714	CHOL	human	tcga	data_sources/tcga	data_sources	45
8715	COAD	human	tcga	data_sources/tcga	data_sources	546
8716	DLBC	human	tcga	data_sources/tcga	data_sources	48
8717	ESCA	human	tcga	data_sources/tcga	data_sources	198
8718	GBM	human	tcga	data_sources/tcga	data_sources	175
8719	HNSC	human	tcga	data_sources/tcga	data_sources	548
8720	KICH	human	tcga	data_sources/tcga	data_sources	91
8721	KIRC	human	tcga	data_sources/tcga	data_sources	618
8722	KIRP	human	tcga	data_sources/tcga	data_sources	323
8723	LAML	human	tcga	data_sources/tcga	data_sources	178
8724	LGG	human	tcga	data_sources/tcga	data_sources	532
8725	LIHC	human	tcga	data_sources/tcga	data_sources	424
8726	LUAD	human	tcga	data_sources/tcga	data_sources	601
8727	LUSC	human	tcga	data_sources/tcga	data_sources	555
8728	MESO	human	tcga	data_sources/tcga	data_sources	87
8729	OV	human	tcga	data_sources/tcga	data_sources	430
8730	PAAD	human	tcga	data_sources/tcga	data_sources	183
8731	PCPG	human	tcga	data_sources/tcga	data_sources	187
8732	PRAD	human	tcga	data_sources/tcga	data_sources	558
8733	READ	human	tcga	data_sources/tcga	data_sources	177
8734	SARC	human	tcga	data_sources/tcga	data_sources	265
8735	SKCM	human	tcga	data_sources/tcga	data_sources	473
8736	STAD	human	tcga	data_sources/tcga	data_sources	453
8737	TGCT	human	tcga	data_sources/tcga	data_sources	156
8738	THCA	human	tcga	data_sources/tcga	data_sources	572
8739	THYM	human	tcga	data_sources/tcga	data_sources	122
8740	UCEC	human	tcga	data_sources/tcga	data_sources	589
8741	UCS	human	tcga	data_sources/tcga	data_sources	57
8742	UVM	human	tcga	data_sources/tcga	data_sources	80
