amplicon_bp	region	chr13_bp	transcript_bp	protein_as
1	intron13_spliceAcceptor	28608352	.	.
2	exon14	28608351	1705	569
3	exon14	28608350	1706	569
4	exon14	28608349	1707	569
5	exon14	28608348	1708	570
6	exon14	28608347	1709	570
7	exon14	28608346	1710	570
8	exon14	28608345	1711	571
9	exon14	28608344	1712	571
10	exon14	28608343	1713	571
11	exon14_JMD_bindingMotif	28608342	1714	572
12	exon14_JMD_bindingMotif	28608341	1715	572
13	exon14_JMD_bindingMotif	28608340	1716	572
14	exon14_JMD_bindingMotif	28608339	1717	573
15	exon14_JMD_bindingMotif	28608338	1718	573
16	exon14_JMD_bindingMotif	28608337	1719	573
17	exon14_JMD_bindingMotif	28608336	1720	574
18	exon14_JMD_bindingMotif	28608335	1721	574
19	exon14_JMD_bindingMotif	28608334	1722	574
20	exon14_JMD_bindingMotif	28608333	1723	575
21	exon14_JMD_bindingMotif	28608332	1724	575
22	exon14_JMD_bindingMotif	28608331	1725	575
23	exon14_JMD_bindingMotif	28608330	1726	576
24	exon14_JMD_bindingMotif	28608329	1727	576
25	exon14_JMD_bindingMotif	28608328	1728	576
26	exon14_JMD_bindingMotif	28608327	1729	577
27	exon14_JMD_bindingMotif	28608326	1730	577
28	exon14_JMD_bindingMotif	28608325	1731	577
29	exon14_JMD_bindingMotif	28608324	1732	578
30	exon14_JMD_bindingMotif	28608323	1733	578
31	exon14_JMD_bindingMotif	28608322	1734	578
32	exon14_JMD_switchMotif	28608321	1735	579
33	exon14_JMD_switchMotif	28608320	1736	579
34	exon14_JMD_switchMotif	28608319	1737	579
35	exon14_JMD_switchMotif	28608318	1738	580
36	exon14_JMD_switchMotif	28608317	1739	580
37	exon14_JMD_switchMotif	28608316	1740	580
38	exon14_JMD_switchMotif	28608315	1741	581
39	exon14_JMD_switchMotif	28608314	1742	581
40	exon14_JMD_switchMotif	28608313	1743	581
41	exon14_JMD_switchMotif	28608312	1744	582
42	exon14_JMD_switchMotif	28608311	1745	582
43	exon14_JMD_switchMotif	28608310	1746	582
44	exon14_JMD_switchMotif	28608309	1747	583
45	exon14_JMD_switchMotif	28608308	1748	583
46	exon14_JMD_switchMotif	28608307	1749	583
47	exon14_JMD_switchMotif	28608306	1750	584
48	exon14_JMD_switchMotif	28608305	1751	584
49	exon14_JMD_switchMotif	28608304	1752	584
50	exon14_JMD_switchMotif	28608303	1753	585
51	exon14_JMD_switchMotif	28608302	1754	585
52	exon14_JMD_switchMotif	28608301	1755	585
53	exon14_JMD_switchMotif	28608300	1756	586
54	exon14_JMD_switchMotif	28608299	1757	586
55	exon14_JMD_switchMotif	28608298	1758	586
56	exon14_JMD_switchMotif	28608297	1759	587
57	exon14_JMD_switchMotif	28608296	1760	587
58	exon14_JMD_switchMotif	28608295	1761	587
59	exon14_JMD_switchMotif	28608294	1762	588
60	exon14_JMD_switchMotif	28608293	1763	588
61	exon14_JMD_switchMotif	28608292	1764	588
62	exon14_JMD_switchMotif	28608291	1765	589
63	exon14_JMD_switchMotif	28608290	1766	589
64	exon14_JMD_switchMotif	28608289	1767	589
65	exon14_JMD_switchMotif	28608288	1768	590
66	exon14_JMD_switchMotif	28608287	1769	590
67	exon14_JMD_switchMotif	28608286	1770	590
68	exon14_JMD_switchMotif	28608285	1771	591
69	exon14_JMD_switchMotif	28608284	1772	591
70	exon14_JMD_switchMotif	28608283	1773	591
71	exon14_JMD_switchMotif	28608282	1774	592
72	exon14_JMD_switchMotif	28608281	1775	592
73	exon14_JMD_switchMotif	28608280	1776	592
74	exon14_JMD_zipperMotif	28608279	1777	593
75	exon14_JMD_zipperMotif	28608278	1778	593
76	exon14_JMD_zipperMotif	28608277	1779	593
77	exon14_JMD_zipperMotif	28608276	1780	594
78	exon14_JMD_zipperMotif	28608275	1781	594
79	exon14_JMD_zipperMotif	28608274	1782	594
80	exon14_JMD_zipperMotif	28608273	1783	595
81	exon14_JMD_zipperMotif	28608272	1784	595
82	exon14_JMD_zipperMotif	28608271	1785	595
83	exon14_JMD_zipperMotif	28608270	1786	596
84	exon14_JMD_zipperMotif	28608269	1787	596
85	exon14_JMD_zipperMotif	28608268	1788	596
86	exon14_JMD_zipperMotif	28608267	1789	597
87	exon14_JMD_zipperMotif	28608266	1790	597
88	exon14_JMD_zipperMotif	28608265	1791	597
89	exon14_JMD_zipperMotif	28608264	1792	598
90	exon14_JMD_zipperMotif	28608263	1793	598
91	exon14_JMD_zipperMotif	28608262	1794	598
92	exon14_JMD_zipperMotif	28608261	1795	599
93	exon14_JMD_zipperMotif	28608260	1796	599
94	exon14_JMD_zipperMotif	28608259	1797	599
95	exon14_JMD_zipperMotif	28608258	1798	600
96	exon14_JMD_zipperMotif	28608257	1799	600
97	exon14_JMD_zipperMotif	28608256	1800	600
98	exon14_JMD_zipperMotif	28608255	1801	601
99	exon14_JMD_zipperMotif	28608254	1802	601
100	exon14_JMD_zipperMotif	28608253	1803	601
101	exon14_JMD_zipperMotif	28608252	1804	602
102	exon14_JMD_zipperMotif	28608251	1805	602
103	exon14_JMD_zipperMotif	28608250	1806	602
104	exon14_JMD_zipperMotif	28608249	1807	603
105	exon14_JMD_zipperMotif	28608248	1808	603
106	exon14_JMD_zipperMotif	28608247	1809	603
107	exon14_JMD_hingeRegion	28608246	1810	604
108	exon14_JMD_hingeRegion	28608245	1811	604
109	exon14_JMD_hingeRegion	28608244	1812	604
110	exon14_JMD_hingeRegion	28608243	1813	605
111	exon14_JMD_hingeRegion	28608242	1814	605
112	exon14_JMD_hingeRegion	28608241	1815	605
113	exon14_JMD_hingeRegion	28608240	1816	606
114	exon14_JMD_hingeRegion	28608239	1817	606
115	exon14_JMD_hingeRegion	28608238	1818	606
116	exon14_JMD_hingeRegion	28608237	1819	607
117	exon14_JMD_hingeRegion	28608236	1820	607
118	exon14_JMD_hingeRegion	28608235	1821	607
119	exon14_JMD_hingeRegion	28608234	1822	608
120	exon14_JMD_hingeRegion	28608233	1823	608
121	exon14_JMD_hingeRegion	28608232	1824	608
122	exon14_JMD_hingeRegion	28608231	1825	609
123	exon14_JMD_hingeRegion	28608230	1826	609
124	exon14_JMD_hingeRegion	28608229	1827	609
125	exon14_TKD1_beta1Sheet	28608228	1828	610
126	exon14_TKD1_beta1Sheet	28608227	1829	610
127	exon14_TKD1_beta1Sheet	28608226	1830	610
128	exon14_TKD1_beta1Sheet	28608225	1831	611
129	exon14_TKD1_beta1Sheet	28608224	1832	611
130	exon14_TKD1_beta1Sheet	28608223	1833	611
131	exon14_TKD1_beta1Sheet	28608222	1834	612
132	exon14_TKD1_beta1Sheet	28608221	1835	612
133	exon14_TKD1_beta1Sheet	28608220	1836	612
134	exon14_TKD1_beta1Sheet	28608219	1837	613
135	intron14_spliceDonor	28608218	.	.
136	intron14_spliceDonor	28608217	.	.
137	intron14	28608216	.	.
138	intron14	28608215	.	.
139	intron14	28608214	.	.
140	intron14	28608213	.	.
141	intron14	28608212	.	.
142	intron14	28608211	.	.
143	intron14	28608210	.	.
144	intron14	28608209	.	.
145	intron14	28608208	.	.
146	intron14	28608207	.	.
147	intron14	28608206	.	.
148	intron14	28608205	.	.
149	intron14	28608204	.	.
150	intron14	28608203	.	.
151	intron14	28608202	.	.
152	intron14	28608201	.	.
153	intron14	28608200	.	.
154	intron14	28608199	.	.
155	intron14	28608198	.	.
156	intron14	28608197	.	.
157	intron14	28608196	.	.
158	intron14	28608195	.	.
159	intron14	28608194	.	.
160	intron14	28608193	.	.
161	intron14	28608192	.	.
162	intron14	28608191	.	.
163	intron14	28608190	.	.
164	intron14	28608189	.	.
165	intron14	28608188	.	.
166	intron14	28608187	.	.
167	intron14	28608186	.	.
168	intron14	28608185	.	.
169	intron14	28608184	.	.
170	intron14	28608183	.	.
171	intron14	28608182	.	.
172	intron14	28608181	.	.
173	intron14	28608180	.	.
174	intron14	28608179	.	.
175	intron14	28608178	.	.
176	intron14	28608177	.	.
177	intron14	28608176	.	.
178	intron14	28608175	.	.
179	intron14	28608174	.	.
180	intron14	28608173	.	.
181	intron14	28608172	.	.
182	intron14	28608171	.	.
183	intron14	28608170	.	.
184	intron14	28608169	.	.
185	intron14	28608168	.	.
186	intron14	28608167	.	.
187	intron14	28608166	.	.
188	intron14	28608165	.	.
189	intron14	28608164	.	.
190	intron14	28608163	.	.
191	intron14	28608162	.	.
192	intron14	28608161	.	.
193	intron14	28608160	.	.
194	intron14	28608159	.	.
195	intron14	28608158	.	.
196	intron14	28608157	.	.
197	intron14	28608156	.	.
198	intron14	28608155	.	.
199	intron14	28608154	.	.
200	intron14	28608153	.	.
201	intron14	28608152	.	.
202	intron14	28608151	.	.
203	intron14	28608150	.	.
204	intron14	28608149	.	.
205	intron14	28608148	.	.
206	intron14	28608147	.	.
207	intron14	28608146	.	.
208	intron14	28608145	.	.
209	intron14	28608144	.	.
210	intron14	28608143	.	.
211	intron14	28608142	.	.
212	intron14	28608141	.	.
213	intron14	28608140	.	.
214	intron14	28608139	.	.
215	intron14	28608138	.	.
216	intron14	28608137	.	.
217	intron14	28608136	.	.
218	intron14	28608135	.	.
219	intron14	28608134	.	.
220	intron14	28608133	.	.
221	intron14	28608132	.	.
222	intron14	28608131	.	.
223	intron14_spliceAcceptor	28608130	.	.
224	intron14_spliceAcceptor	28608129	.	.
225	exon15_TKD1_beta1Sheet	28608128	1838	613
226	exon15_TKD1_beta1Sheet	28608127	1839	613
227	exon15_TKD1_beta1Sheet	28608126	1840	614
228	exon15_TKD1_beta1Sheet	28608125	1841	614
229	exon15_TKD1_beta1Sheet	28608124	1842	614
230	exon15_TKD1_beta1Sheet	28608123	1843	615
231	exon15_TKD1_beta1Sheet	28608122	1844	615
232	exon15_TKD1_beta1Sheet	28608121	1845	615
233	exon15_TKD1_nucleotideBindingLoop	28608120	1846	616
234	exon15_TKD1_nucleotideBindingLoop	28608119	1847	616
235	exon15_TKD1_nucleotideBindingLoop	28608118	1848	616
236	exon15_TKD1_nucleotideBindingLoop	28608117	1849	617
237	exon15_TKD1_nucleotideBindingLoop	28608116	1850	617
238	exon15_TKD1_nucleotideBindingLoop	28608115	1851	617
239	exon15_TKD1_nucleotideBindingLoop	28608114	1852	618
240	exon15_TKD1_nucleotideBindingLoop	28608113	1853	618
241	exon15_TKD1_nucleotideBindingLoop	28608112	1854	618
242	exon15_TKD1_nucleotideBindingLoop	28608111	1855	619
243	exon15_TKD1_nucleotideBindingLoop	28608110	1856	619
244	exon15_TKD1_nucleotideBindingLoop	28608109	1857	619
245	exon15_TKD1_nucleotideBindingLoop	28608108	1858	620
246	exon15_TKD1_nucleotideBindingLoop	28608107	1859	620
247	exon15_TKD1_nucleotideBindingLoop	28608106	1860	620
248	exon15_TKD1_nucleotideBindingLoop	28608105	1861	621
249	exon15_TKD1_nucleotideBindingLoop	28608104	1862	621
250	exon15_TKD1_nucleotideBindingLoop	28608103	1863	621
251	exon15_TKD1_nucleotideBindingLoop	28608102	1864	622
252	exon15_TKD1_nucleotideBindingLoop	28608101	1865	622
253	exon15_TKD1_nucleotideBindingLoop	28608100	1866	622
254	exon15_TKD1_nucleotideBindingLoop	28608099	1867	623
255	exon15_TKD1_nucleotideBindingLoop	28608098	1868	623
256	exon15_TKD1_nucleotideBindingLoop	28608097	1869	623
257	exon15_TKD1_beta2sheet	28608096	1870	624
258	exon15_TKD1_beta2sheet	28608095	1871	624
259	exon15_TKD1_beta2sheet	28608094	1872	624
260	exon15_TKD1_beta2sheet	28608093	1873	625
261	exon15_TKD1_beta2sheet	28608092	1874	625
262	exon15_TKD1_beta2sheet	28608091	1875	625
263	exon15_TKD1_beta2sheet	28608090	1876	626
264	exon15_TKD1_beta2sheet	28608089	1877	626
265	exon15_TKD1_beta2sheet	28608088	1878	626
266	exon15_TKD1_beta2sheet	28608087	1879	627
267	exon15_TKD1_beta2sheet	28608086	1880	627
268	exon15_TKD1_beta2sheet	28608085	1881	627
269	exon15_TKD1_beta2sheet	28608084	1882	628
270	exon15_TKD1_beta2sheet	28608083	1883	628
271	exon15_TKD1_beta2sheet	28608082	1884	628
272	exon15_TKD1_beta2sheet	28608081	1885	629
273	exon15_TKD1_beta2sheet	28608080	1886	629
274	exon15_TKD1_beta2sheet	28608079	1887	629
275	exon15_TKD1_beta2sheet	28608078	1888	630
276	exon15_TKD1_beta2sheet	28608077	1889	630
277	exon15_TKD1_beta2sheet	28608076	1890	630
278	exon15_TKD1_3primeOfBeta2Sheet	28608075	1891	631
279	exon15_TKD1_3primeOfBeta2Sheet	28608074	1892	631
280	exon15_TKD1_3primeOfBeta2Sheet	28608073	1893	631
281	exon15_TKD1_3primeOfBeta2Sheet	28608072	1894	632
282	exon15_TKD1_3primeOfBeta2Sheet	28608071	1895	632
283	exon15_TKD1_3primeOfBeta2Sheet	28608070	1896	632
284	exon15_TKD1_3primeOfBeta2Sheet	28608069	1897	633
285	exon15_TKD1_3primeOfBeta2Sheet	28608068	1898	633
286	exon15_TKD1_3primeOfBeta2Sheet	28608067	1899	633
287	exon15_TKD1_3primeOfBeta2Sheet	28608066	1900	634
288	exon15_TKD1_3primeOfBeta2Sheet	28608065	1901	634
289	exon15_TKD1_3primeOfBeta2Sheet	28608064	1902	634
290	exon15_TKD1_3primeOfBeta2Sheet	28608063	1903	635
291	exon15_TKD1_3primeOfBeta2Sheet	28608062	1904	635
292	exon15_TKD1_3primeOfBeta2Sheet	28608061	1905	635
293	exon15_TKD1_3primeOfBeta2Sheet	28608060	1906	636
294	exon15_TKD1_3primeOfBeta2Sheet	28608059	1907	636
295	exon15_TKD1_3primeOfBeta2Sheet	28608058	1908	636
296	exon15_TKD1_3primeOfBeta2Sheet	28608057	1909	637
297	exon15_TKD1_3primeOfBeta2Sheet	28608056	1910	637
298	exon15_TKD1_3primeOfBeta2Sheet	28608055	1911	637
299	exon15_TKD1_3primeOfBeta2Sheet	28608054	1912	638
300	exon15_TKD1_3primeOfBeta2Sheet	28608053	1913	638
301	exon15_TKD1_3primeOfBeta2Sheet	28608052	1914	638
302	exon15_TKD1_3primeOfBeta2Sheet	28608051	1915	639
303	exon15_TKD1_3primeOfBeta2Sheet	28608050	1916	639
304	exon15_TKD1_3primeOfBeta2Sheet	28608049	1917	639
305	exon15_TKD1_3primeOfBeta2Sheet	28608048	1918	640
306	exon15_TKD1_3primeOfBeta2Sheet	28608047	1919	640
307	exon15_TKD1_3primeOfBeta2Sheet	28608046	1920	640
308	exon15_TKD1_3primeOfBeta2Sheet	28608045	1921	641
309	exon15_TKD1_3primeOfBeta2Sheet	28608044	1922	641
310	exon15_TKD1_3primeOfBeta2Sheet	28608043	1923	641
311	exon15_TKD1_3primeOfBeta2Sheet	28608042	1924	642
312	exon15_TKD1_3primeOfBeta2Sheet	28608041	1925	642
313	exon15_TKD1_3primeOfBeta2Sheet	28608040	1926	642
314	exon15_TKD1_3primeOfBeta2Sheet	28608039	1927	643
315	exon15_TKD1_3primeOfBeta2Sheet	28608038	1928	643
316	exon15_TKD1_3primeOfBeta2Sheet	28608037	1929	643
317	exon15_TKD1_3primeOfBeta2Sheet	28608036	1930	644
318	exon15_TKD1_3primeOfBeta2Sheet	28608035	1931	644
319	exon15_TKD1_3primeOfBeta2Sheet	28608034	1932	644
320	exon15_TKD1_3primeOfBeta2Sheet	28608033	1933	645
321	exon15_TKD1_3primeOfBeta2Sheet	28608032	1934	645
322	exon15_TKD1_3primeOfBeta2Sheet	28608031	1935	645
323	exon15_TKD1_3primeOfBeta2Sheet	28608030	1936	646
324	exon15_TKD1_3primeOfBeta2Sheet	28608029	1937	646
325	exon15_TKD1_3primeOfBeta2Sheet	28608028	1938	646
326	exon15_TKD1_3primeOfBeta2Sheet	28608027	1939	647
327	exon15_TKD1_3primeOfBeta2Sheet	28608026	1940	647
328	exon15_TKD1_3primeOfBeta2Sheet	28608025	1941	647
329	exon15_TKD1_3primeOfBeta2Sheet	28608024	1942	648
330	intron15_spliceDonor	28608023	.	.
331	intron15_spliceDonor	28608022	.	.
